{"cameraMode":{"drawMode":0,"name":"Shaded","section":"Shading Mode"},"sceneLighting":true,"audioPlay":false,"sceneViewState":{"showFog":true,"showMaterialUpdate":false,"showSkybox":true,"showFlares":true,"showImageEffects":true,"showParticleSystems":true},"in2DMode":false,"pivot":{"x":0.800000011920929,"y":0.8000000715255737,"z":0.5139098167419434},"rotation":{"x":0.060518890619277957,"y":0.4487261176109314,"z":-0.030472861602902414,"w":0.8911008834838867},"size":9.669402122497559,"orthographic":false}